url,title,visit_count,last_visit_time
https://gemini.google.com/app/db6b37f892a8132e?hl=en-IN,Reversing a Linked List Explained - Google Gemini,4,2026-06-11 12:11:16
https://gemini.google.com/app/c_db6b37f892a8132e?hl=en-IN,Reversing a Linked List Explained - Google Gemini,2,2026-06-11 12:11:16
https://gemini.google.com/search?hl=en-IN,Google Gemini,8,2026-06-11 12:11:14
https://leetcode.com/problems/majority-element/,Majority Element - LeetCode,3,2026-06-11 12:11:08
https://gemini.google.com/app?hl=en-IN,Google Gemini,45,2026-06-11 12:11:06
https://leetcode.com/problems/majority-element/description/,Majority Element - LeetCode,1,2026-06-11 12:11:01
https://leetcode.com/problems/move-zeroes/description/,Move Zeroes - LeetCode,6,2026-06-11 12:05:38
https://leetcode.com/problems/move-zeroes/submissions/,Move Zeroes - LeetCode,1,2026-06-11 12:05:37
https://leetcode.com/problems/move-zeroes/submissions/2029705692/,Move Zeroes - LeetCode,4,2026-06-11 12:05:25
https://leetcode.com/problems/move-zeroes/,Move Zeroes - LeetCode,9,2026-06-11 12:05:15
