Event Type,Timestamp,Details
File Created,Thu May 21 21:55:33 2026,invoice.pdf.exe
File Modified,Thu May 21 21:55:33 2026,invoice.pdf.exe
Browser Visit,2026-06-08 17:50:53,https://leetcode.com/studyplan/top-interview-150/
Browser Visit,2026-06-08 17:50:40,https://leetcode.com/problems/majority-element/submissions/2026679573/?envType=study-plan-v2&envId=top-interview-150
Browser Visit,2026-06-08 17:49:57,https://leetcode.com/problems/majority-element/?envType=study-plan-v2&envId=top-interview-150
Browser Visit,2026-06-08 17:49:13,https://algo.monster/liteproblems/169#code
Browser Visit,2026-06-08 17:49:09,https://algo.monster/liteproblems/169
Download,2026-06-05 14:01:00,E:\Downloads\ambikasharma__resume.pdf
Download,2026-06-05 13:57:39,E:\Downloads\ambikasharma__resume.pdf
Download,2026-06-05 11:34:42,E:\Downloads\ambikasharma__resume (1).pdf
Download,2026-06-05 09:54:26,E:\Downloads\ambikasharma__resume.pdf
Download,2026-06-05 09:53:16,E:\Downloads\ambikasharma_cybersecurity_resume (1).pdf
